dataset,measure,k,method,estimate,se,abs_shift_vs_reml
CD000028_pub4_data,OR,80,REML,-0.231764450378166,0.0439586038276757,0
CD000028_pub4_data,OR,80,HKSJ,-0.231764450378166,0.0427314283391912,0
CD000028_pub4_data,OR,80,QSE,-0.231764450378166,0.0433319887754017,0
CD000028_pub4_data,OR,80,LTH,-0.228828051436396,0.035999397439335,0.00293639894176997
CD000028_pub4_data,OR,80,RMR,-0.26624135380726,0.0444431749230294,0.0344769034290938
CD000028_pub4_data,OR,80,CRT,-0.260171854250008,0.0309998614188896,0.0284074038718421
CD000028_pub4_data,OR,80,AWH,-0.280268982664707,0.043958605266433,0.0485045322865403
CD000028_pub4_data,OR,80,MRSTACK,-0.208085199604136,0.0777299208961735,0.0236792507740304
CD000028_pub4_data,OR,80,SAFE,-0.23150194228724,0.0427359328694553,0.000262508090926539
CD000028_pub4_data,OR,80,CPC,-0.363786747867554,0.159326541766476,0.132022297489388
CD000028_pub4_data,OR,80,DTM,-0.230008688269619,0.0463265202499452,0.00175576210854678
CD000028_pub4_data,OR,80,BSC,-0.231764450695563,0.043958605266433,3.17396858795505e-10
CD000028_pub4_data,OR,80,HGAM,-0.229818740341826,0.180078448353891,0.00194571003633998
CD000028_pub4_data,OR,80,MTLE,-0.252913354430901,0.0604249408828422,0.0211489040527352
CD000028_pub4_data,OR,80,PBM,-0.203411342243845,0.0754690364875583,0.0283531081343209
CD000028_pub4_data,OR,80,FATIHA,-0.231766750002376,0.04354648847904,2.29962420986163e-06
CD000143_pub2_data,OR,80,REML,-0.534172343562138,0.104144342194021,0
CD000143_pub2_data,OR,80,HKSJ,-0.534172343562138,0.113752863507364,0
CD000143_pub2_data,OR,80,QSE,-0.534172343562138,0.108631185566116,0
CD000143_pub2_data,OR,80,LTH,-0.521455817041786,0.0920232105122026,0.0127165265203518
CD000143_pub2_data,OR,80,RMR,-0.508456614399607,0.105812839978145,0.0257157291625305
CD000143_pub2_data,OR,80,CRT,-0.534172343562138,0.113752863507364,0
CD000143_pub2_data,OR,80,AWH,-0.540484689784361,0.104144342867573,0.00631234622222299
CD000143_pub2_data,OR,80,MRSTACK,-0.471627093739008,0.174373720187279,0.0625452498231295
CD000143_pub2_data,OR,80,SAFE,-0.528158044067348,0.102542968020103,0.00601429949478927
CD000143_pub2_data,OR,80,CPC,-0.40597375287775,0.708013917040491,0.128198590684387
CD000143_pub2_data,OR,80,DTM,-0.53083420448975,0.110204218052459,0.003338139072388
CD000143_pub2_data,OR,80,BSC,-0.534172343952773,0.104144342867573,3.90635190861133e-10
CD000143_pub2_data,OR,80,HGAM,-0.666520394951248,0.45458922666972,0.13234805138911
CD000143_pub2_data,OR,80,MTLE,-0.341954039038306,0.261001019633752,0.192218304523832
CD000143_pub2_data,OR,80,PBM,-0.455334297996343,0.144309314279018,0.0788380455657946
CD000143_pub2_data,OR,80,FATIHA,-0.530840679235327,0.110149841593644,0.00333166432681031
CD000219_pub5_data,OR,71,REML,-0.18235572793318,0.067236426456437,0
CD000219_pub5_data,OR,71,HKSJ,-0.18235572793318,0.0707393610316157,0
CD000219_pub5_data,OR,71,QSE,-0.18235572793318,0.0689212193317706,2.77555756156289e-17
CD000219_pub5_data,OR,71,LTH,-0.177737858972816,0.0591620273247796,0.00461786896036431
CD000219_pub5_data,OR,71,RMR,-0.194285952203315,0.0682454999137418,0.0119302242701344
CD000219_pub5_data,OR,71,CRT,-0.18235572793318,0.0707393610316157,0
CD000219_pub5_data,OR,71,AWH,-0.193325465850636,0.0672364277380439,0.0109697379174553
CD000219_pub5_data,OR,71,MRSTACK,-0.168391432876581,0.0810658778593065,0.0139642950565993
CD000219_pub5_data,OR,71,SAFE,-0.181999803215136,0.0681688421379967,0.00035592471804427
CD000219_pub5_data,OR,71,CPC,-0.236472821245228,0.41354790437631,0.0541170933120481
CD000219_pub5_data,OR,71,DTM,-0.182220750478017,0.0697016261139061,0.000134977455163776
CD000219_pub5_data,OR,71,BSC,-0.182355728313845,0.0672364277380439,3.8066455543273e-10
CD000219_pub5_data,OR,71,HGAM,-0.369787668486869,0.249891254870646,0.187431940553689
CD000219_pub5_data,OR,71,MTLE,-0.174124071888924,0.100410678979016,0.00823165604425594
CD000219_pub5_data,OR,71,PBM,-0.172875692431844,0.0730899055455175,0.00948003550133658
CD000219_pub5_data,OR,71,FATIHA,-0.182348080487247,0.0689866917968089,7.64744593367839e-06
CD000478_pub5_data,OR,42,REML,-0.661060556836368,0.136741615318509,0
CD000478_pub5_data,OR,42,HKSJ,-0.661060556836368,0.144179931840939,0
CD000478_pub5_data,OR,42,QSE,-0.661060556836368,0.140313118644344,0
CD000478_pub5_data,OR,42,LTH,-0.661069962641126,0.132816272978519,9.40580475738972e-06
CD000478_pub5_data,OR,42,RMR,-0.654404007905384,0.139528653874242,0.00665654893098466
CD000478_pub5_data,OR,42,CRT,-0.661060556836368,0.144179931840939,0
CD000478_pub5_data,OR,42,AWH,-0.642220418978836,0.136741616905142,0.0188401378575328
CD000478_pub5_data,OR,42,MRSTACK,-0.729097085226748,0.206151987307195,0.06803652839038
CD000478_pub5_data,OR,42,SAFE,-0.66106146786707,0.139604595660595,9.11030701433724e-07
CD000478_pub5_data,OR,42,CPC,-0.659802454211379,0.794233895731442,0.00125810262498915
CD000478_pub5_data,OR,42,DTM,-0.660251177249562,0.137743220360549,0.000809379586806491
CD000478_pub5_data,OR,42,BSC,-0.661060556832023,0.136741616905142,4.34541291838286e-12
CD000478_pub5_data,OR,42,HGAM,-0.0891995199387124,0.310564332814576,0.571861036897656
CD000478_pub5_data,OR,42,MTLE,-0.680464325564129,0.291468958414663,0.019403768727761
CD000478_pub5_data,OR,42,PBM,-0.681909254860669,0.16246696382253,0.0208486980243007
CD000478_pub5_data,OR,42,FATIHA,-0.661058365839777,0.139668399215546,2.19099659126698e-06
CD000547_pub3_data,OR,80,REML,0.464609876408268,0.135496483670709,0
CD000547_pub3_data,OR,80,HKSJ,0.464609876408268,0.136838228075356,0
CD000547_pub3_data,OR,80,QSE,0.464609876408268,0.136162398042248,0
CD000547_pub3_data,OR,80,LTH,0.460774047758781,0.122118888543523,0.00383582864948745
CD000547_pub3_data,OR,80,RMR,0.395222814150405,0.136991516579415,0.0693870622578632
CD000547_pub3_data,OR,80,CRT,0.36963436184511,0.123244433960073,0.0949755145631579
CD000547_pub3_data,OR,80,AWH,0.375213842896412,0.135496484137931,0.0893960335118561
CD000547_pub3_data,OR,80,MRSTACK,0.389818706181283,0.246014319037441,0.0747911702269851
CD000547_pub3_data,OR,80,SAFE,0.463139490887735,0.130970508257942,0.00147038552053297
CD000547_pub3_data,OR,80,CPC,0.0735495550525133,0.806830488948552,0.391060321355755
CD000547_pub3_data,OR,80,DTM,0.461493545773392,0.142322188461113,0.00311633063487604
CD000547_pub3_data,OR,80,BSC,0.464609876503361,0.135496484137931,9.50929335274964e-11
CD000547_pub3_data,OR,80,HGAM,0.49614791631541,0.576246344497545,0.0315380399071423
CD000547_pub3_data,OR,80,MTLE,0.438826667657111,0.22507573339064,0.0257832087511568
CD000547_pub3_data,OR,80,PBM,0.44538675878661,0.160796590625968,0.0192231176216584
CD000547_pub3_data,OR,80,FATIHA,0.460776349148922,0.122547103153118,0.00383352725934594
CD001072_pub2_data,OR,3,REML,0.505622695636545,1.30833412821811,0
CD001072_pub2_data,OR,3,HKSJ,0.505622695636545,1.38375543648003,0
CD001072_pub2_data,OR,3,QSE,0.505622695636545,1.34446076068941,0
CD001072_pub2_data,OR,3,LTH,0.57665495605405,1.1465426630009,0.0710322604175048
CD001072_pub2_data,OR,3,RMR,0.505622695148872,1.30833412951573,4.87672457971655e-10
CD001072_pub2_data,OR,3,CRT,0.505622695636545,1.38375543648003,0
CD001072_pub2_data,OR,3,AWH,0.722033372167075,1.30833412951573,0.21641067653053
CD001072_pub2_data,OR,3,MRSTACK,3.75031299377945,2.04218190340682,3.2446902981429
CD001072_pub2_data,OR,3,SAFE,0.505622695888302,1.33209206040318,2.51756726576957e-10
CD001072_pub2_data,OR,3,CPC,,,
CD001072_pub2_data,OR,3,DTM,0.550699682944945,1.37909412919393,0.0450769873083997
CD001072_pub2_data,OR,3,BSC,0.505622695214602,1.30833412951573,4.21942702999445e-10
CD001072_pub2_data,OR,3,HGAM,,,
CD001072_pub2_data,OR,3,MTLE,,,
CD001072_pub2_data,OR,3,PBM,3.06081476747619,1.02619491953438,2.55519207183965
CD001072_pub2_data,OR,3,FATIHA,0.505631691343391,1.33706085950473,8.99570684576023e-06
CD001155_pub3_data,OR,80,REML,-0.125712636632606,0.035592342629937,0
CD001155_pub3_data,OR,80,HKSJ,-0.125712636632606,0.0359685433832102,0
CD001155_pub3_data,OR,80,QSE,-0.125712636632606,0.0357789597445599,0
CD001155_pub3_data,OR,80,LTH,-0.126128723843545,0.0302658246585148,0.000416087210938471
CD001155_pub3_data,OR,80,RMR,-0.113595047411795,0.0361551101758461,0.0121175892208111
CD001155_pub3_data,OR,80,CRT,-0.115529533521966,0.0346775302433265,0.0101831031106401
CD001155_pub3_data,OR,80,AWH,-0.125541826930417,0.0355923444187562,0.000170809702189023
CD001155_pub3_data,OR,80,MRSTACK,-0.13277273137202,0.0554058951220789,0.00706009473941371
CD001155_pub3_data,OR,80,SAFE,-0.125748900045019,0.0353329022185929,3.62634124125849e-05
CD001155_pub3_data,OR,80,CPC,-0.0527557368135869,0.203230527377974,0.0729568998190195
CD001155_pub3_data,OR,80,DTM,-0.125551664646251,0.0371264053305625,0.000160971986355674
CD001155_pub3_data,OR,80,BSC,-0.125712636526606,0.0355923444187562,1.06000763722136e-10
CD001155_pub3_data,OR,80,HGAM,0.0631682746289785,0.152282856942102,0.188880911261585
CD001155_pub3_data,OR,80,MTLE,-0.127428964328874,0.0580822875262189,0.00171632769626789
CD001155_pub3_data,OR,80,PBM,-0.127521950523577,0.0474840066369491,0.00180931389097014
CD001155_pub3_data,OR,80,FATIHA,-0.125710909118674,0.0357090864023535,1.72751393254234e-06
CD001321_pub7_data,OR,80,REML,-0.29024982182456,0.0511758545651381,0
CD001321_pub7_data,OR,80,HKSJ,-0.29024982182456,0.0500597392250244,0
CD001321_pub7_data,OR,80,QSE,-0.29024982182456,0.0506085687292112,0
CD001321_pub7_data,OR,80,LTH,-0.282639094208462,0.0449179794892855,0.00761072761609788
CD001321_pub7_data,OR,80,RMR,-0.286660974154313,0.0517289674096502,0.00358884767024631
CD001321_pub7_data,OR,80,CRT,-0.29024982182456,0.0500597392250244,0
CD001321_pub7_data,OR,80,AWH,-0.299201036202774,0.0511758558907818,0.00895121437821434
CD001321_pub7_data,OR,80,MRSTACK,-0.233878848463251,0.129746014422497,0.0563709733613085
CD001321_pub7_data,OR,80,SAFE,-0.288806383819083,0.0507680672517397,0.00144343800547669
CD001321_pub7_data,OR,80,CPC,-0.259699104285037,0.406401671883411,0.0305507175395228
CD001321_pub7_data,OR,80,DTM,-0.289225213747544,0.0537547965266044,0.00102460807701515
CD001321_pub7_data,OR,80,BSC,-0.290249822507011,0.0511758558907818,6.8245120665722e-10
CD001321_pub7_data,OR,80,HGAM,-0.384173747801606,0.146471831101774,0.0939239259770464
CD001321_pub7_data,OR,80,MTLE,-0.306937521179289,0.153846480143773,0.0166876993547297
CD001321_pub7_data,OR,80,PBM,-0.221598980220226,0.107932214457685,0.0686508416043341
CD001321_pub7_data,OR,80,FATIHA,-0.290242136798995,0.0506047562352624,7.6850255645855e-06
CD001396_pub4_data,OR,80,REML,0.591650261947488,0.0593794945484738,0
CD001396_pub4_data,OR,80,HKSJ,0.591650261947488,0.0616600079027641,0
CD001396_pub4_data,OR,80,QSE,0.591650261947488,0.0604875324184712,1.11022302462516e-16
CD001396_pub4_data,OR,80,LTH,0.590430690608524,0.0537550656116437,0.00121957133896455
CD001396_pub4_data,OR,80,RMR,0.596886069551765,0.0602723718481117,0.00523580760427667
CD001396_pub4_data,OR,80,CRT,0.591650261947488,0.0616600079027641,0
CD001396_pub4_data,OR,80,AWH,0.590207834976978,0.0593794956830999,0.00144242697050989
CD001396_pub4_data,OR,80,MRSTACK,0.568938542332083,0.10692909231767,0.0227117196154055
CD001396_pub4_data,OR,80,SAFE,0.59155419391324,0.0599831155442693,9.60680342484421e-05
CD001396_pub4_data,OR,80,CPC,0.589152607448441,0.461129998686293,0.00249765449904726
CD001396_pub4_data,OR,80,DTM,0.591860664555582,0.0608584956181689,0.000210402608093241
CD001396_pub4_data,OR,80,BSC,0.591650262049406,0.0593794956830999,1.01917696504472e-10
CD001396_pub4_data,OR,80,HGAM,0.567103311400277,0.21663067863591,0.0245469505472116
CD001396_pub4_data,OR,80,MTLE,0.585599607110201,0.0877103638789504,0.00605065483728728
CD001396_pub4_data,OR,80,PBM,0.563906132439622,0.0750683942328745,0.0277441295078662
CD001396_pub4_data,OR,80,FATIHA,0.591568019721658,0.0602239271263153,8.2242225829865e-05
CD001431_pub6_data,OR,80,REML,0.434127274242777,0.0793328887960278,0
CD001431_pub6_data,OR,80,HKSJ,0.434127274242777,0.0793286023978481,0
CD001431_pub6_data,OR,80,QSE,0.434127274242777,0.079330745510087,0
CD001431_pub6_data,OR,80,LTH,0.4341980012181,0.0719165740484768,7.07269753224549e-05
CD001431_pub6_data,OR,80,RMR,0.397111223054125,0.0801753752961682,0.0370160511886522
CD001431_pub6_data,OR,80,CRT,0.395466516409467,0.0698181905258234,0.0386607578333104
CD001431_pub6_data,OR,80,AWH,0.405739748050369,0.0793328895843812,0.0283875261924082
CD001431_pub6_data,OR,80,MRSTACK,0.436786341959505,0.125797006042006,0.00265906771672814
CD001431_pub6_data,OR,80,SAFE,0.434132934680696,0.0787630719442812,5.66043791888626e-06
CD001431_pub6_data,OR,80,CPC,-0.0150675975264123,0.247336916128513,0.44919487176919
CD001431_pub6_data,OR,80,DTM,0.434193907336257,0.0838481426428818,6.66330934797621e-05
CD001431_pub6_data,OR,80,BSC,0.434127274236524,0.0793328895843812,6.25310914159627e-12
CD001431_pub6_data,OR,80,HGAM,0.314317856258942,0.357077251810106,0.119809417983836
CD001431_pub6_data,OR,80,MTLE,0.438072144847179,0.113122293198877,0.0039448706044013
CD001431_pub6_data,OR,80,PBM,0.39043034065706,0.137944734339545,0.043696933585717
CD001431_pub6_data,OR,80,FATIHA,0.434124483562679,0.0791598321986492,2.79068009867434e-06
CD001533_pub7_data,OR,80,REML,-0.331057453740994,0.0755228492332553,0
CD001533_pub7_data,OR,80,HKSJ,-0.331057453740994,0.0770118391347447,0
CD001533_pub7_data,OR,80,QSE,-0.331057453740995,0.0762564435436876,5.55111512312578e-17
CD001533_pub7_data,OR,80,LTH,-0.32705272727758,0.0689153939601308,0.00400472646341427
CD001533_pub7_data,OR,80,RMR,-0.29868172418793,0.0763711526305838,0.0323757295530641
CD001533_pub7_data,OR,80,CRT,-0.331057453740994,0.0770118391347447,0
CD001533_pub7_data,OR,80,AWH,-0.319262677589526,0.075522850079833,0.0117947761514688
CD001533_pub7_data,OR,80,MRSTACK,-0.261145904236503,0.202326365775518,0.0699115495044916
CD001533_pub7_data,OR,80,SAFE,-0.329536739860057,0.0735808503330497,0.00152071388093727
CD001533_pub7_data,OR,80,CPC,-0.281926033575904,0.593253347966465,0.0491314201650908
CD001533_pub7_data,OR,80,DTM,-0.32773354923299,0.079018928053911,0.00332390450800402
CD001533_pub7_data,OR,80,BSC,-0.331057453999644,0.075522850079833,2.58649823781099e-10
CD001533_pub7_data,OR,80,HGAM,0.0609508402389224,0.298391774777742,0.392008293979917
CD001533_pub7_data,OR,80,MTLE,-0.298029422696288,0.155758536553915,0.033028031044706
CD001533_pub7_data,OR,80,PBM,-0.302396883192237,0.104355183090045,0.0286605705487576
CD001533_pub7_data,OR,80,FATIHA,-0.327077922067007,0.0691662369741274,0.00397953167398707
CD001552_pub3_data,OR,78,REML,0.0916887476167735,0.196195075165171,0
CD001552_pub3_data,OR,78,HKSJ,0.0916887476167735,0.173076687442467,0
CD001552_pub3_data,OR,78,QSE,0.0916887476167735,0.183552854448622,1.38777878078145e-17
CD001552_pub3_data,OR,78,LTH,0.11865030469507,0.176310356910332,0.0269615570782963
CD001552_pub3_data,OR,78,RMR,0.135015407736455,0.199648209967048,0.0433266601196814
CD001552_pub3_data,OR,78,CRT,0.278125639785753,0.142897359293337,0.18643689216898
CD001552_pub3_data,OR,78,AWH,0.0925932964287336,0.196195075657486,0.000904548811960074
CD001552_pub3_data,OR,78,MRSTACK,0.127714599120704,0.226906993507763,0.0360258515039306
CD001552_pub3_data,OR,78,SAFE,0.103713198362753,0.183144644509196,0.012024450745979
CD001552_pub3_data,OR,78,CPC,0.31476192515235,0.993684275060982,0.223073177535577
CD001552_pub3_data,OR,78,DTM,0.101855935268495,0.201906118702712,0.0101671876517211
CD001552_pub3_data,OR,78,BSC,0.0916887475151177,0.196195075657486,1.01655822648539e-10
CD001552_pub3_data,OR,78,HGAM,0.899988331889043,0.482597483414108,0.80829958427227
CD001552_pub3_data,OR,78,MTLE,0.0697719201580341,0.322439304219107,0.0219168274587394
CD001552_pub3_data,OR,78,PBM,0.220641479167301,0.351408056518937,0.128952731550527
CD001552_pub3_data,OR,78,FATIHA,0.103711089391324,0.183308049487869,0.01202234177455
CD001703_pub4_data,OR,80,REML,0.514936939266757,0.0796785258546358,0
CD001703_pub4_data,OR,80,HKSJ,0.514936939266757,0.0697539616916181,0
CD001703_pub4_data,OR,80,QSE,0.514936939266757,0.0742231561652364,0
CD001703_pub4_data,OR,80,LTH,0.514936949044133,0.0796785303806992,9.7773755758368e-09
CD001703_pub4_data,OR,80,RMR,0.498851769005171,0.080781848838576,0.0160851702615863
CD001703_pub4_data,OR,80,CRT,0.492153716090901,0.0665789630608757,0.0227832231758559
CD001703_pub4_data,OR,80,AWH,0.521965531682675,0.0796785303806992,0.00702859241591847
CD001703_pub4_data,OR,80,MRSTACK,0.527167986031975,0.0816936514824632,0.0122310467652177
CD001703_pub4_data,OR,80,SAFE,0.514936942204945,0.0759039404065895,2.9381882482582e-09
CD001703_pub4_data,OR,80,CPC,0.514936939266757,0.519670998520999,0
CD001703_pub4_data,OR,80,DTM,0.514936960043677,0.0796785354725194,2.07769196292062e-08
CD001703_pub4_data,OR,80,BSC,0.514936939266757,0.0796785303806992,0
CD001703_pub4_data,OR,80,HGAM,0.398534517381377,0.109324740275731,0.11640242188538
CD001703_pub4_data,OR,80,MTLE,0.537467438598947,0.185398140246958,0.0225304993321899
CD001703_pub4_data,OR,80,PBM,0.492269034767431,0.0810035762423513,0.0226679044993262
CD001703_pub4_data,OR,80,FATIHA,0.514933894912189,0.0827491308777677,3.04435456788266e-06
CD001797_pub4_data,OR,44,REML,0.540768545390728,0.198216750881129,0
CD001797_pub4_data,OR,44,HKSJ,0.540768545390728,0.140100343763272,0
CD001797_pub4_data,OR,44,QSE,0.540768545390728,0.16179705146427,0
CD001797_pub4_data,OR,44,LTH,0.582117830852549,0.180425636719112,0.0413492854618206
CD001797_pub4_data,OR,44,RMR,0.527873970891908,0.200209825951149,0.0128945744988207
CD001797_pub4_data,OR,44,CRT,0.540768545390728,0.140100343763272,0
CD001797_pub4_data,OR,44,AWH,0.535134090513655,0.19821675185952,0.00563445487707293
CD001797_pub4_data,OR,44,MRSTACK,0.624025442118734,0.218584464440234,0.0832568967280054
CD001797_pub4_data,OR,44,SAFE,0.540249109585015,0.163641321224629,0.000519435805712898
CD001797_pub4_data,OR,44,CPC,0.708493306543148,0.873827487424937,0.167724761152419
CD001797_pub4_data,OR,44,DTM,0.552571328137599,0.210206062311405,0.0118027827468707
CD001797_pub4_data,OR,44,BSC,0.540768545187381,0.19821675185952,2.03347227945017e-10
CD001797_pub4_data,OR,44,HGAM,1.53044754025659,0.312284510107256,0.989678994865859
CD001797_pub4_data,OR,44,MTLE,0.506217465498615,0.435195042566295,0.0345510798921136
CD001797_pub4_data,OR,44,PBM,0.632918233835163,0.265661104893349,0.0921496884444346
CD001797_pub4_data,OR,44,FATIHA,0.540768862055147,0.160973859511389,3.16664418908985e-07
CD001837_pub4_data,OR,80,REML,0.294698861468373,0.0344793326338546,0
CD001837_pub4_data,OR,80,HKSJ,0.294698861468373,0.0371821931595422,0
CD001837_pub4_data,OR,80,QSE,0.294698861468373,0.0357543683525223,5.55111512312578e-17
CD001837_pub4_data,OR,80,LTH,0.28487325052971,0.0307576815131605,0.00982561093866313
CD001837_pub4_data,OR,80,RMR,0.279895794250401,0.034797678135873,0.0148030672179728
CD001837_pub4_data,OR,80,CRT,0.271405783167563,0.0328892203515903,0.0232930783008102
CD001837_pub4_data,OR,80,AWH,0.284997460384935,0.0344793346695728,0.0097014010834382
CD001837_pub4_data,OR,80,MRSTACK,0.233987059880309,0.12465354001411,0.0607118015880643
CD001837_pub4_data,OR,80,SAFE,0.289624100910081,0.0343928882940507,0.0050747605582927
CD001837_pub4_data,OR,80,CPC,0.258979172829735,0.264402794731997,0.0357196886386382
CD001837_pub4_data,OR,80,DTM,0.293269024178024,0.0380148375321404,0.0014298372903499
CD001837_pub4_data,OR,80,BSC,0.294698863427109,0.0344793346695728,1.95873545161263e-09
CD001837_pub4_data,OR,80,HGAM,0.31797347725034,0.0983005027053289,0.0232746157819661
CD001837_pub4_data,OR,80,MTLE,0.259577367026958,0.112159390217469,0.0351214944414157
CD001837_pub4_data,OR,80,PBM,0.240677251195253,0.0907428960492153,0.0540216102731206
CD001837_pub4_data,OR,80,FATIHA,0.285008546366492,0.034227519975559,0.0096903151018819
CD001909_pub4_data,OR,80,REML,0.567117983321718,0.0823550021877125,0
CD001909_pub4_data,OR,80,HKSJ,0.567117983321718,0.0823700443855042,0
CD001909_pub4_data,OR,80,QSE,0.567117983321718,0.082362522256402,0
CD001909_pub4_data,OR,80,LTH,0.565116891152072,0.0743549469907016,0.00200109216964528
CD001909_pub4_data,OR,80,RMR,0.577179288828777,0.0834110015649863,0.010061305507059
CD001909_pub4_data,OR,80,CRT,0.596330569392864,0.079466062049283,0.0292125860711469
CD001909_pub4_data,OR,80,AWH,0.585199153134674,0.0823550030224016,0.0180811698129567
CD001909_pub4_data,OR,80,MRSTACK,0.577799575927527,0.106215824924713,0.0106815926058097
CD001909_pub4_data,OR,80,SAFE,0.566964491504151,0.0817770953764753,0.000153491817566964
CD001909_pub4_data,OR,80,CPC,0.612155341022958,0.628314980358581,0.0450373577012405
CD001909_pub4_data,OR,80,DTM,0.563863329426496,0.0851375762094745,0.00325465389522184
CD001909_pub4_data,OR,80,BSC,0.567117983395707,0.0823550030224016,7.3989481208514e-11
CD001909_pub4_data,OR,80,HGAM,0.196525496707581,0.305276009210864,0.370592486614137
CD001909_pub4_data,OR,80,MTLE,0.574752186291205,0.117969469264295,0.00763420296948714
CD001909_pub4_data,OR,80,PBM,0.554791965985494,0.0988364047147514,0.0123260173362235
CD001909_pub4_data,OR,80,FATIHA,0.567119120634255,0.0823582914622439,1.13731253748028e-06
CD002042_pub6_data,OR,80,REML,-0.396145900816879,0.0995591980488147,0
CD002042_pub6_data,OR,80,HKSJ,-0.396145900816879,0.0995182384139876,0
CD002042_pub6_data,OR,80,QSE,-0.396145900816879,0.0995387119109022,0
CD002042_pub6_data,OR,80,LTH,-0.396072551393076,0.0831689575532956,7.33494238033261e-05
CD002042_pub6_data,OR,80,RMR,-0.290627733590839,0.101496812242115,0.105518167226041
CD002042_pub6_data,OR,80,CRT,-0.269886056513304,0.0720469465633533,0.126259844303576
CD002042_pub6_data,OR,80,AWH,-0.259697746698728,0.0995591986766263,0.136448154118151
CD002042_pub6_data,OR,80,MRSTACK,-0.385557720328135,0.182140802356461,0.0105881804887441
CD002042_pub6_data,OR,80,SAFE,-0.396115290938005,0.0930581283127402,3.06098788740994e-05
CD002042_pub6_data,OR,80,CPC,0.0415753037056012,0.144353517436538,0.437721204522481
CD002042_pub6_data,OR,80,DTM,-0.39606041587174,0.105458631286907,8.54849451391582e-05
CD002042_pub6_data,OR,80,BSC,-0.396145900818986,0.0995591986766263,2.10687023383116e-12
CD002042_pub6_data,OR,80,HGAM,-0.27542165568312,0.368983845520673,0.12072424513376
CD002042_pub6_data,OR,80,MTLE,-0.398544718332678,0.138988174052763,0.0023988175157984
CD002042_pub6_data,OR,80,PBM,-0.370473078757806,0.09321461871304,0.0256728220590736
CD002042_pub6_data,OR,80,FATIHA,-0.396055916216497,0.0970873661306917,8.9984600382842e-05
CD002052_pub4_data,OR,37,REML,0.50144678072805,0.183300709733087,0
CD002052_pub4_data,OR,37,HKSJ,0.50144678072805,0.166506277444301,0
CD002052_pub4_data,OR,37,QSE,0.50144678072805,0.174299572557364,0
CD002052_pub4_data,OR,37,LTH,0.485357117230717,0.173630270172808,0.0160896634973335
CD002052_pub4_data,OR,37,RMR,0.488529124543231,0.186313448978142,0.012917656184819
CD002052_pub4_data,OR,37,CRT,0.431941039866732,0.145761551850075,0.069505740861318
CD002052_pub4_data,OR,37,AWH,0.529539610803693,0.183300711053402,0.0280928300756432
CD002052_pub4_data,OR,37,MRSTACK,0.478591133990462,0.203542187986947,0.0228556467375884
CD002052_pub4_data,OR,37,SAFE,0.495367517363168,0.177413747734051,0.00607926336488246
CD002052_pub4_data,OR,37,CPC,0.445493328351154,0.826270027157654,0.0559534523768962
CD002052_pub4_data,OR,37,DTM,0.499816311895859,0.186724575524102,0.00163046883219131
CD002052_pub4_data,OR,37,BSC,0.501446780873758,0.183300711053402,1.45707557130947e-10
CD002052_pub4_data,OR,37,HGAM,0.122376686707979,0.405408013617876,0.379070094020072
CD002052_pub4_data,OR,37,MTLE,0.504818265251143,0.360940242576502,0.00337148452309288
CD002052_pub4_data,OR,37,PBM,0.471195648036755,0.192043521608674,0.0302511326912955
CD002052_pub4_data,OR,37,FATIHA,0.495365269956536,0.177548911687543,0.00608151077151387
CD002112_pub2_data,OR,80,REML,0.315113189518807,0.0773817837219912,0
CD002112_pub2_data,OR,80,HKSJ,0.315113189518807,0.0793785705693145,0
CD002112_pub2_data,OR,80,QSE,0.315113189518807,0.0783611029013718,5.55111512312578e-17
CD002112_pub2_data,OR,80,LTH,0.311778549870459,0.0705075979628093,0.00333463964834868
CD002112_pub2_data,OR,80,RMR,0.317031012079867,0.0784137524082406,0.00191782256105988
CD002112_pub2_data,OR,80,CRT,0.315113189518807,0.0793785705693145,0
CD002112_pub2_data,OR,80,AWH,0.32129507859764,0.0773817845503618,0.00618188907883227
CD002112_pub2_data,OR,80,MRSTACK,0.246233353037736,0.206349243201965,0.0688798364810717
CD002112_pub2_data,OR,80,SAFE,0.315173948756783,0.0782355815163794,6.07592379758271e-05
CD002112_pub2_data,OR,80,CPC,0.289910736821084,0.596106282988874,0.0252024526977239
CD002112_pub2_data,OR,80,DTM,0.313516747995907,0.0803215188349033,0.0015964415229005
CD002112_pub2_data,OR,80,BSC,0.315113189704653,0.0773817845503618,1.85845616673674e-10
CD002112_pub2_data,OR,80,HGAM,0.218143839058469,0.313766211851388,0.096969350460338
CD002112_pub2_data,OR,80,MTLE,0.286527726182818,0.136713406325555,0.0285854633359894
CD002112_pub2_data,OR,80,PBM,0.303742050045256,0.0947252041750851,0.0113711394735515
CD002112_pub2_data,OR,80,FATIHA,0.315111921181871,0.078394501979259,1.26833693636641e-06
CD002115_pub6_data,OR,59,REML,0.469811245966772,0.204402226280404,0
CD002115_pub6_data,OR,59,HKSJ,0.469811245966772,0.143449477623618,0
CD002115_pub6_data,OR,59,QSE,0.469811245966772,0.166055560389462,0
CD002115_pub6_data,OR,59,LTH,0.529399897421811,0.191224052571295,0.0595886514550382
CD002115_pub6_data,OR,59,RMR,0.433457928524788,0.208105924616521,0.0363533174419846
CD002115_pub6_data,OR,59,CRT,0.469811245966772,0.143449477623618,0
CD002115_pub6_data,OR,59,AWH,0.320291270457709,0.204402227198485,0.149519975509064
CD002115_pub6_data,OR,59,MRSTACK,0.79532249382408,0.424070652716155,0.325511247857308
CD002115_pub6_data,OR,59,SAFE,0.469130807859629,0.168634733874189,0.000680438107143799
CD002115_pub6_data,OR,59,CPC,0.676505442832082,0.817156592808883,0.20669419686531
CD002115_pub6_data,OR,59,DTM,0.474466957308375,0.223153934728257,0.0046557113416027
CD002115_pub6_data,OR,59,BSC,0.469811245673893,0.204402227198485,2.92879831498283e-10
CD002115_pub6_data,OR,59,HGAM,1.28887639577909,0.217697379439103,0.819065149812314
CD002115_pub6_data,OR,59,MTLE,0.435265396116388,0.541689895589916,0.0345458498503848
CD002115_pub6_data,OR,59,PBM,0.728453928398407,0.357066380777709,0.258642682431635
CD002115_pub6_data,OR,59,FATIHA,0.469811091097884,0.165191608908877,1.54868888879722e-07
CD002122_pub3_data,OR,80,REML,-0.142003321032215,0.107391862177681,0
CD002122_pub3_data,OR,80,HKSJ,-0.142003321032215,0.107488729530926,0
CD002122_pub3_data,OR,80,QSE,-0.142003321032215,0.107440263103732,0
CD002122_pub3_data,OR,80,LTH,-0.13863674435099,0.0899109963020929,0.00336657668122534
CD002122_pub3_data,OR,80,RMR,-0.0967991786937839,0.108971689046132,0.0452041423384309
CD002122_pub3_data,OR,80,CRT,-0.0482062445983089,0.089228297884316,0.093797076433906
CD002122_pub3_data,OR,80,AWH,-0.101743529715169,0.107391862764454,0.0402597913170455
CD002122_pub3_data,OR,80,MRSTACK,-0.085646120080019,0.20984948040627,0.0563572009521959
CD002122_pub3_data,OR,80,SAFE,-0.140600945222061,0.100524191185907,0.00140237581015396
CD002122_pub3_data,OR,80,CPC,0.0755995897450786,0.564052693567284,0.217602910777293
CD002122_pub3_data,OR,80,DTM,-0.140586817817117,0.112624058880329,0.00141650321509806
CD002122_pub3_data,OR,80,BSC,-0.142003321105122,0.107391862764454,7.2906902737202e-11
CD002122_pub3_data,OR,80,HGAM,-0.0611660159533328,0.452432549757126,0.080837305078882
CD002122_pub3_data,OR,80,MTLE,-0.132636932494809,0.189351691831225,0.00936638853740587
CD002122_pub3_data,OR,80,PBM,-0.13545751229692,0.122882506832998,0.00654580873529501
CD002122_pub3_data,OR,80,FATIHA,-0.132687736624174,0.18628544138023,0.00931558440804059
CD002203_pub5_data,OR,80,REML,-0.0449590872642748,0.0777074538655891,0
CD002203_pub5_data,OR,80,HKSJ,-0.0449590872642748,0.0791583510483082,0
CD002203_pub5_data,OR,80,QSE,-0.0449590872642748,0.0784228381335428,0
CD002203_pub5_data,OR,80,LTH,-0.0508234376525424,0.0684688900818946,0.00586435038826757
CD002203_pub5_data,OR,80,RMR,-0.0711853102455237,0.0790835555562887,0.0262262229812489
CD002203_pub5_data,OR,80,CRT,-0.061343071944704,0.076669780930786,0.0163839846804291
CD002203_pub5_data,OR,80,AWH,-0.0445122778033574,0.0777074547160666,0.000446809460917387
CD002203_pub5_data,OR,80,MRSTACK,-0.0802580480888618,0.128832983940788,0.035298960824587
CD002203_pub5_data,OR,80,SAFE,-0.0472889061867667,0.0746963436448738,0.00232981892249189
CD002203_pub5_data,OR,80,CPC,-0.171251966312733,0.530043985212505,0.126292879048458
CD002203_pub5_data,OR,80,DTM,-0.0474287745854694,0.0811289041308539,0.00246968732119457
CD002203_pub5_data,OR,80,BSC,-0.0449590869821155,0.0777074547160666,2.82159379194624e-10
CD002203_pub5_data,OR,80,HGAM,-0.529454169465834,0.31485650396808,0.484495082201559
CD002203_pub5_data,OR,80,MTLE,-0.0668058863657547,0.12925930338648,0.0218467991014799
CD002203_pub5_data,OR,80,PBM,-0.0558680150906453,0.0900551168767365,0.0109089278263704
CD002203_pub5_data,OR,80,FATIHA,-0.0508047878609615,0.068657174308661,0.00584570059668669
CD002243_pub5_data,OR,80,REML,-0.029626833948691,0.0252451439522446,0
CD002243_pub5_data,OR,80,HKSJ,-0.029626833948691,0.0244905085685234,0
CD002243_pub5_data,OR,80,QSE,-0.029626833948691,0.0248592398932029,3.46944695195361e-18
CD002243_pub5_data,OR,80,LTH,-0.0370926330776549,0.0213644030311276,0.00746579912896395
CD002243_pub5_data,OR,80,RMR,-0.046997825439904,0.025527308522343,0.017370991491213
CD002243_pub5_data,OR,80,CRT,-0.0778251711620066,0.0170709446688546,0.0481983372133156
CD002243_pub5_data,OR,80,AWH,-0.0573340103604507,0.0252451465977305,0.0277071764117597
CD002243_pub5_data,OR,80,MRSTACK,-0.0595298035105095,0.0640674038847191,0.0299029695618185
CD002243_pub5_data,OR,80,SAFE,-0.0329210869952603,0.0239124103396046,0.00329425304656937
CD002243_pub5_data,OR,80,CPC,-0.114135609866029,0.100649663203785,0.0845087759173383
CD002243_pub5_data,OR,80,DTM,-0.0320791563971382,0.0283862592665537,0.00245232244844724
CD002243_pub5_data,OR,80,BSC,-0.0296268309260714,0.0252451465977305,3.02261953313843e-09
CD002243_pub5_data,OR,80,HGAM,-0.23310942349867,0.0978535198183663,0.203482589549979
CD002243_pub5_data,OR,80,MTLE,-0.00882239023103995,0.112600807608964,0.020804443717651
CD002243_pub5_data,OR,80,PBM,-0.064365697928172,0.0432783060590389,0.034738863979481
CD002243_pub5_data,OR,80,FATIHA,-0.0370917879423896,0.0214430063824673,0.00746495399369869
CD002290_pub6_data,OR,80,REML,-0.685134541232578,0.109744220781868,0
CD002290_pub6_data,OR,80,HKSJ,-0.685134541232578,0.111319536498893,0
CD002290_pub6_data,OR,80,QSE,-0.685134541232578,0.110523459532707,1.11022302462516e-16
CD002290_pub6_data,OR,80,LTH,-0.67307308339935,0.0984070564650095,0.0120614578332278
CD002290_pub6_data,OR,80,RMR,-0.688812362503802,0.110946678210293,0.00367782127122451
CD002290_pub6_data,OR,80,CRT,-0.715076316658326,0.105604673902998,0.0299417754257478
CD002290_pub6_data,OR,80,AWH,-0.686810058332041,0.109744221360998,0.00167551709946379
CD002290_pub6_data,OR,80,MRSTACK,-0.465357857356718,0.489902059949479,0.219776683875859
CD002290_pub6_data,OR,80,SAFE,-0.685355885747198,0.110544709134134,0.000221344514620303
CD002290_pub6_data,OR,80,CPC,-0.540075302109287,0.828658639574159,0.145059239123291
CD002290_pub6_data,OR,80,DTM,-0.675951206742034,0.118189599882946,0.00918333449054354
CD002290_pub6_data,OR,80,BSC,-0.685134541580525,0.109744221360998,3.47947115564295e-10
CD002290_pub6_data,OR,80,HGAM,-0.124429123173017,0.419849091818329,0.56070541805956
CD002290_pub6_data,OR,80,MTLE,-0.62681195323463,0.312178525681946,0.0583225879979482
CD002290_pub6_data,OR,80,PBM,-0.518163362666067,0.240188952609126,0.166971178566511
CD002290_pub6_data,OR,80,FATIHA,-0.685139638903873,0.110293993974469,5.09767129563965e-06
CD002303_pub4_data,OR,15,REML,0.0685953824744853,0.251446583775405,0
CD002303_pub4_data,OR,15,HKSJ,0.0685953824744853,0.253078693226119,0
CD002303_pub4_data,OR,15,QSE,0.0685953824744852,0.25225867869173,1.38777878078145e-17
CD002303_pub4_data,OR,15,LTH,0.0746325374318777,0.209305716814105,0.00603715495739242
CD002303_pub4_data,OR,15,RMR,0.0114549868309126,0.254416095783491,0.0571403956435727
CD002303_pub4_data,OR,15,CRT,0.0685953824744853,0.253078693226119,0
CD002303_pub4_data,OR,15,AWH,0.00134731985623739,0.251446585122488,0.0672480626182479
CD002303_pub4_data,OR,15,MRSTACK,0.109577104830233,0.345803147752685,0.0409817223557473
CD002303_pub4_data,OR,15,SAFE,0.0691359973672399,0.248720875251285,0.000540614892754671
CD002303_pub4_data,OR,15,CPC,-0.189733138752387,0.598283940178484,0.258328521226872
CD002303_pub4_data,OR,15,DTM,0.073364667283294,0.263772762734964,0.00476928480880871
CD002303_pub4_data,OR,15,BSC,0.0685953823568862,0.251446585122488,1.17599069371366e-10
CD002303_pub4_data,OR,15,HGAM,1.34753165403016,0.733015923378341,1.27893627155567
CD002303_pub4_data,OR,15,MTLE,0.084269989115224,0.35067853041948,0.0156746066407388
CD002303_pub4_data,OR,15,PBM,0.137687033107617,0.249112595389876,0.0690916506331318
CD002303_pub4_data,OR,15,FATIHA,0.0686025312032879,0.252270228930254,7.14872880266948e-06
CD002971_pub6_data,OR,73,REML,-0.0221666833502151,0.0618585547555509,0
CD002971_pub6_data,OR,73,HKSJ,-0.0221666833502151,0.0472398276006925,0
CD002971_pub6_data,OR,73,QSE,-0.0221666833502151,0.053095228391745,0
CD002971_pub6_data,OR,73,LTH,-0.0221666888409507,0.0618585586648609,5.49073559188984e-09
CD002971_pub6_data,OR,73,RMR,-0.0110669093609592,0.0622225254928663,0.0110997739892558
CD002971_pub6_data,OR,73,CRT,-0.0221666833502151,0.0472398276006925,0
CD002971_pub6_data,OR,73,AWH,-0.0387389989175131,0.0618585586648609,0.016572315567298
CD002971_pub6_data,OR,73,MRSTACK,-0.00980361581991059,0.0564738148538141,0.0123630675303045
CD002971_pub6_data,OR,73,SAFE,-0.0221666848223113,0.0555806426731914,1.47209625045441e-09
CD002971_pub6_data,OR,73,CPC,-0.0185663772367258,0.331017631242071,0.00360030611348928
CD002971_pub6_data,OR,73,DTM,-0.0221666950180282,0.061858563062834,1.16678131323322e-08
CD002971_pub6_data,OR,73,BSC,-0.0221666833502151,0.0618585586648609,0
CD002971_pub6_data,OR,73,HGAM,-0.0808820529727321,0.0906568636735301,0.0587153696225171
CD002971_pub6_data,OR,73,MTLE,-0.0221667421315305,0.0894665319155997,5.87813154470651e-08
CD002971_pub6_data,OR,73,PBM,0.0055572105880972,0.0807388226417311,0.0277238939383123
CD002971_pub6_data,OR,73,FATIHA,-0.0221651938735482,0.0574658070039761,1.48947666691462e-06
CD003129_pub2_data,OR,19,REML,0.551779219085782,0.144632127317918,0
CD003129_pub2_data,OR,19,HKSJ,0.551779219085782,0.123769110660363,0
CD003129_pub2_data,OR,19,QSE,0.551779219085782,0.132988612841,0
CD003129_pub2_data,OR,19,LTH,0.55177921945562,0.144632132981457,3.69837716007737e-10
CD003129_pub2_data,OR,19,RMR,0.554239206797929,0.144701527755598,0.00245998771214739
CD003129_pub2_data,OR,19,CRT,0.551779219085782,0.123769110660363,0
CD003129_pub2_data,OR,19,AWH,0.541413891806635,0.144632132981457,0.0103653272791473
CD003129_pub2_data,OR,19,MRSTACK,0.573340115273692,0.140609640182492,0.0215608961879105
CD003129_pub2_data,OR,19,SAFE,0.551779219195824,0.136551951226258,1.10042419620981e-10
CD003129_pub2_data,OR,19,CPC,0.551779219085782,0.527336811419461,2.22044604925031e-16
CD003129_pub2_data,OR,19,DTM,0.551779219871686,0.144632139352937,7.85904341604748e-10
CD003129_pub2_data,OR,19,BSC,0.551779219085782,0.144632132981457,0
CD003129_pub2_data,OR,19,HGAM,0.409203825875439,0.230657368571856,0.142575393210343
CD003129_pub2_data,OR,19,MTLE,0.551779220722464,0.271706225697645,1.6366816790736e-09
CD003129_pub2_data,OR,19,PBM,0.550262753880393,0.127854829783432,0.00151646520538884
CD003129_pub2_data,OR,19,FATIHA,0.55178143875495,0.150237532069246,2.21966916780225e-06
CD003214_pub4_data,OR,8,REML,-0.12517689530375,0.166299995824125,0
CD003214_pub4_data,OR,8,HKSJ,-0.12517689530375,0.0967034522622634,0
CD003214_pub4_data,OR,8,QSE,-0.12517689530375,0.118224049041763,2.77555756156289e-17
CD003214_pub4_data,OR,8,LTH,-0.125176896258467,0.166300002312534,9.54717360723834e-10
CD003214_pub4_data,OR,8,RMR,-0.125176896258467,0.166300002312534,9.54717360723834e-10
CD003214_pub4_data,OR,8,CRT,-0.12517689530375,0.0967034522622634,0
CD003214_pub4_data,OR,8,AWH,-0.130803037308323,0.166300002312534,0.00562614200457329
CD003214_pub4_data,OR,8,MRSTACK,-0.127062737332524,0.119979349313863,0.00188584202877465
CD003214_pub4_data,OR,8,SAFE,-0.125176895624268,0.136268736542596,3.20518250829238e-10
CD003214_pub4_data,OR,8,CPC,-0.126761685374173,0.344162147563904,0.00158479007042306
CD003214_pub4_data,OR,8,DTM,-0.125176897332524,0.166300009611994,2.02877403765456e-09
CD003214_pub4_data,OR,8,BSC,-0.12517689530375,0.166300002312534,0
CD003214_pub4_data,OR,8,HGAM,-0.0141261595404004,0.222430528059197,0.111050735763349
CD003214_pub4_data,OR,8,MTLE,-0.12517689530375,0.276742672549889,5.55111512312578e-17
CD003214_pub4_data,OR,8,PBM,-0.129972865354631,0.132245164993746,0.00479597005088117
CD003214_pub4_data,OR,8,FATIHA,-0.125180087715172,0.13813154364937,3.19241142246463e-06
CD003216_pub3_data,OR,62,REML,0.0995847439703495,0.105693175320794,0
CD003216_pub3_data,OR,62,HKSJ,0.0995847439703495,0.0832106574722912,0
CD003216_pub3_data,OR,62,QSE,0.0995847439703495,0.0924614869080072,0
CD003216_pub3_data,OR,62,LTH,0.0868632600705046,0.0976518814167602,0.0127214838998449
CD003216_pub3_data,OR,62,RMR,0.0990762335769018,0.106005566134765,0.000508510393447709
CD003216_pub3_data,OR,62,CRT,0.0995847439703495,0.0832106574722912,0
CD003216_pub3_data,OR,62,AWH,0.124936621849531,0.105693177793632,0.0253518778791812
CD003216_pub3_data,OR,62,MRSTACK,0.0856958209062112,0.0960198410561194,0.0138889230641383
CD003216_pub3_data,OR,62,SAFE,0.0994446140168387,0.0963842504040953,0.000140129953510773
CD003216_pub3_data,OR,62,CPC,0.0455897302390389,0.480108506467083,0.0539950137313106
CD003216_pub3_data,OR,62,DTM,0.0984111094120755,0.108291699864159,0.00117363455827399
CD003216_pub3_data,OR,62,BSC,0.0995847440668392,0.105693177793632,9.64897189925651e-11
CD003216_pub3_data,OR,62,HGAM,-0.0249441851725382,0.17439022429057,0.124528929142888
CD003216_pub3_data,OR,62,MTLE,0.104140156615566,0.164901087450864,0.0045554126452164
CD003216_pub3_data,OR,62,PBM,0.084750035248321,0.104902664531541,0.0148347087220286
CD003216_pub3_data,OR,62,FATIHA,0.0994500213004774,0.0957288349153607,0.000134722669872106
CD003218_pub3_data,OR,18,REML,0.0424117447859888,0.478252142401874,0
CD003218_pub3_data,OR,18,HKSJ,0.0424117447859888,0.0171053469109167,0
CD003218_pub3_data,OR,18,QSE,0.0424117447859888,0.0241751556944045,0
CD003218_pub3_data,OR,18,LTH,0.042411744786575,0.478252142982744,5.86239390365506e-13
CD003218_pub3_data,OR,18,RMR,0.042411744786575,0.478252142982744,5.86239390365506e-13
CD003218_pub3_data,OR,18,CRT,0.0424117447859888,0.0171053469109167,0
CD003218_pub3_data,OR,18,AWH,0.0381815214957876,0.478252142982744,0.00423022329020118
CD003218_pub3_data,OR,18,MRSTACK,-0.631951281990626,1.79831349466763,0.674363026776615
CD003218_pub3_data,OR,18,SAFE,0.0424117447859902,0.0341452369511517,1.49880108324396e-15
CD003218_pub3_data,OR,18,CPC,0.0424117447859888,0.830544674060658,0
CD003218_pub3_data,OR,18,DTM,0.0424117447872345,0.478252143636223,1.24576043925018e-12
CD003218_pub3_data,OR,18,BSC,0.0424117447859887,0.478252142982744,6.93889390390723e-18
CD003218_pub3_data,OR,18,HGAM,0.00852778279985625,0.0326567790617217,0.0338839619861325
CD003218_pub3_data,OR,18,MTLE,0.0424117447859888,0.677700991597849,6.93889390390723e-18
CD003218_pub3_data,OR,18,PBM,0.0423589188492526,0.0360927464358995,5.28259367361533e-05
CD003218_pub3_data,OR,18,FATIHA,0.0424096025628028,0.0348376435145323,2.1422231859386e-06
CD003331_pub6_data,OR,80,REML,-0.347434066860392,0.0770286570168773,0
CD003331_pub6_data,OR,80,HKSJ,-0.347434066860392,0.0721239912164722,0
CD003331_pub6_data,OR,80,QSE,-0.347434066860392,0.0744554383025011,0
CD003331_pub6_data,OR,80,LTH,-0.325506405022513,0.0697217906223917,0.0219276618378786
CD003331_pub6_data,OR,80,RMR,-0.33162179236154,0.0776179029869144,0.0158122744988518
CD003331_pub6_data,OR,80,CRT,-0.347434066860392,0.0721239912164722,0
CD003331_pub6_data,OR,80,AWH,-0.34275067749456,0.0770286586936689,0.0046833893658319
CD003331_pub6_data,OR,80,MRSTACK,-0.31658657028021,0.096451956629471,0.0308474965801817
CD003331_pub6_data,OR,80,SAFE,-0.339864159477444,0.0751709969486857,0.00756990738294783
CD003331_pub6_data,OR,80,CPC,-0.208106176542567,0.399884034085655,0.139327890317825
CD003331_pub6_data,OR,80,DTM,-0.339768979641107,0.0842482345547671,0.00766508721928483
CD003331_pub6_data,OR,80,BSC,-0.34743406732772,0.0770286586936689,4.67328509223819e-10
CD003331_pub6_data,OR,80,HGAM,-0.0278726087719823,0.156602209765289,0.31956145808841
CD003331_pub6_data,OR,80,MTLE,-0.352570963894467,0.140823122424752,0.00513689703407494
CD003331_pub6_data,OR,80,PBM,-0.256392250458584,0.118271590705523,0.0910418164018079
CD003331_pub6_data,OR,80,FATIHA,-0.339876814459952,0.0758916586389861,0.00755725240044014
CD003333_pub4_data,OR,15,REML,0.096302179479596,0.117396679361383,0
CD003333_pub4_data,OR,15,HKSJ,0.096302179479596,0.129500626829338,0
CD003333_pub4_data,OR,15,QSE,0.096302179479596,0.123004235927979,0
CD003333_pub4_data,OR,15,LTH,0.0844943531399668,0.101951581231979,0.0118078263396291
CD003333_pub4_data,OR,15,RMR,0.0822988853398885,0.119219521773729,0.0140032941397075
CD003333_pub4_data,OR,15,CRT,0.096302179479596,0.129500626829338,0
CD003333_pub4_data,OR,15,AWH,0.107118091075431,0.117396683167726,0.010815911595835
CD003333_pub4_data,OR,15,MRSTACK,0.0645145356022373,0.142134882711953,0.0317876438773587
CD003333_pub4_data,OR,15,SAFE,0.0897464748094551,0.115601942475513,0.00655570467014087
CD003333_pub4_data,OR,15,CPC,0.0327990228321011,0.314961329621998,0.0635031566474949
CD003333_pub4_data,OR,15,DTM,0.093398141669066,0.122381268964345,0.00290403781052995
CD003333_pub4_data,OR,15,BSC,0.0963021808282657,0.117396683167726,1.3486697175713e-09
CD003333_pub4_data,OR,15,HGAM,-0.162032767982535,0.358425720788127,0.258334947462131
CD003333_pub4_data,OR,15,MTLE,0.0632608444778983,0.195178678166826,0.0330413350016977
CD003333_pub4_data,OR,15,PBM,0.0610582741490766,0.128217990038317,0.0352439053305193
CD003333_pub4_data,OR,15,FATIHA,0.0897585856263829,0.115680038137334,0.00654359385321301
CD003357_pub5_data,OR,34,REML,0.596247549044587,0.156134116581874,0
CD003357_pub5_data,OR,34,HKSJ,0.596247549044587,0.154426220409423,0
CD003357_pub5_data,OR,34,QSE,0.596247549044587,0.15527312431406,0
CD003357_pub5_data,OR,34,LTH,0.596809102151652,0.139920637212223,0.00056155310706496
CD003357_pub5_data,OR,34,RMR,0.545377745100131,0.158000800628113,0.0508698039444555
CD003357_pub5_data,OR,34,CRT,0.486852924609507,0.129521479324367,0.10939462443508
CD003357_pub5_data,OR,34,AWH,0.554130436166982,0.15613411769238,0.0421171128776051
CD003357_pub5_data,OR,34,MRSTACK,0.598930815734195,0.17775915105526,0.00268326668960794
CD003357_pub5_data,OR,34,SAFE,0.596291028497117,0.154139122300989,4.34794525298043e-05
CD003357_pub5_data,OR,34,CPC,0.346017663424456,0.571460331360022,0.250229885620131
CD003357_pub5_data,OR,34,DTM,0.595638593896335,0.160747593164033,0.000608955148251655
CD003357_pub5_data,OR,34,BSC,0.596247549019208,0.15613411769238,2.53790322091163e-11
CD003357_pub5_data,OR,34,HGAM,0.213475276765193,0.538906270349384,0.382772272279394
CD003357_pub5_data,OR,34,MTLE,0.597243152140806,0.231087668768226,0.000995603096218711
CD003357_pub5_data,OR,34,PBM,0.57157095935235,0.1598360435268,0.0246765896922366
CD003357_pub5_data,OR,34,FATIHA,0.596240037036994,0.155534053392546,7.51200759285808e-06
CD003376_pub4_data,OR,80,REML,-0.344693789533763,0.0659437050381106,0
CD003376_pub4_data,OR,80,HKSJ,-0.344693789533763,0.05914620885502,0
CD003376_pub4_data,OR,80,QSE,-0.344693789533763,0.0622683965986853,0
CD003376_pub4_data,OR,80,LTH,-0.337263075737441,0.0643460207777457,0.00743071379632204
CD003376_pub4_data,OR,80,RMR,-0.335883427283426,0.06614400274778,0.00881036225033655
CD003376_pub4_data,OR,80,CRT,-0.344693789533763,0.05914620885502,0
CD003376_pub4_data,OR,80,AWH,-0.352837280428337,0.0659437062234041,0.00814349089457367
CD003376_pub4_data,OR,80,MRSTACK,-0.195102267582897,0.308615863326527,0.149591521950866
CD003376_pub4_data,OR,80,SAFE,-0.341214152007821,0.0636269991907883,0.00347963752594233
CD003376_pub4_data,OR,80,CPC,-0.324202236511863,0.497239418652036,0.0204915530219001
CD003376_pub4_data,OR,80,DTM,-0.34564342818541,0.0674221951641816,0.000949638651647322
CD003376_pub4_data,OR,80,BSC,-0.344693789935575,0.0659437062234041,4.01811528494278e-10
CD003376_pub4_data,OR,80,HGAM,0.335457524937951,0.149692838291292,0.680151314471714
CD003376_pub4_data,OR,80,MTLE,-0.347339018201955,0.236070056363426,0.00264522866819167
CD003376_pub4_data,OR,80,PBM,-0.244305488323235,0.182877728287487,0.100388301210528
CD003376_pub4_data,OR,80,FATIHA,-0.344690736170522,0.0622065422478613,3.05336324080141e-06
