scenario,scenario_kind,method,n,applicable_n,applicability,convergence,bias,abs_bias,rmse,coverage,ci_width,type1_error,power
BASE_NULL,none,REML,300,300,1,0.996666666666667,0.000864578952247748,0.0792984612507537,0.0985724002338437,0.939799331103679,0.390302185574828,0.0602006688963211,
BASE_NULL,none,HKSJ,300,300,1,0.996666666666667,0.000864578952247748,0.0792984612507537,0.0985724002338437,0.953177257525084,0.446239974070704,0.0468227424749164,
BASE_NULL,none,PETPEESE,300,300,1,1,-0.0204105393812536,0.210913165306942,0.26054986163291,0.936666666666667,1.23184008540169,0.0633333333333333,
BASE_NULL,none,TRIMFILL,300,300,1,0.996666666666667,-0.004591002124153,0.0952417226604832,0.120477744957623,0.879598662207358,0.399102159878486,0.120401337792642,
BASE_NULL,none,SWA,300,300,1,0.996666666666667,-0.00130160456590728,0.0797372663064895,0.0989294861960845,0.933110367892977,0.418234615860359,0.0668896321070234,
BASE_NULL,none,TAS,300,300,1,0.996666666666667,0.000864578952247748,0.0792984612507537,0.0985724002338437,0.963210702341137,0.459211730936979,0.0367892976588629,
BASE_NULL,none,PBM,300,300,1,0.996666666666667,-0.000880993947159181,0.0819154262827566,0.101524547017496,0.976588628762542,0.526441908922782,0.0234113712374582,
BASE_SMALLK,none,REML,300,300,1,1,-0.00370712941277314,0.107552731154949,0.136141774642998,0.92,0.512577463604195,,0.64
BASE_SMALLK,none,HKSJ,300,300,1,1,-0.00370712941277314,0.107552731154949,0.136141774642998,0.946666666666667,0.645584396751768,,0.473333333333333
BASE_SMALLK,none,PETPEESE,300,300,1,1,-0.030898266023397,0.287409750681593,0.371496149276729,0.93,2.09129574016857,,0.156666666666667
BASE_SMALLK,none,TRIMFILL,300,300,1,1,-0.00344166752040073,0.129057942321478,0.16375019544697,0.863333333333333,0.516960915812732,,0.62
BASE_SMALLK,none,SWA,300,0,0,,,,,,,,
BASE_SMALLK,none,TAS,300,0,0,,,,,,,,
BASE_SMALLK,none,PBM,300,300,1,1,-0.00284428994172996,0.117044321311559,0.150854797747241,0.976666666666667,0.873330244083309,,0.326666666666667
BASE_STD,none,REML,300,300,1,0.996666666666667,-0.00460908699949759,0.054448843396665,0.0692815317966456,0.933110367892977,0.27701176118694,,0.979933110367893
BASE_STD,none,HKSJ,300,300,1,0.996666666666667,-0.00460908699949759,0.054448843396665,0.0692815317966456,0.946488294314381,0.294419381896107,,0.979933110367893
BASE_STD,none,PETPEESE,300,300,1,1,-0.0298643095436866,0.121007796091745,0.161172444917248,0.946666666666667,0.655145588708746,,0.48
BASE_STD,none,TRIMFILL,300,300,1,0.996666666666667,-0.00175743446242841,0.0708974251299304,0.0886706739927993,0.862876254180602,0.284539252297709,,0.953177257525084
BASE_STD,none,SWA,300,300,1,0.996666666666667,-0.0403098139994496,0.0613650067674765,0.0766847125200681,0.882943143812709,0.267586326183106,,0.963210702341137
BASE_STD,none,TAS,300,300,1,0.996666666666667,-0.00460908699949757,0.054448843396665,0.0692815317966456,0.946488294314381,0.296934086072098,,0.979933110367893
BASE_STD,none,PBM,300,300,1,0.996666666666667,-0.00942714613112015,0.055731746799296,0.070603208185376,0.973244147157191,0.339493539294562,,0.933110367892977
HET_ZERO,none,REML,300,300,1,1,-0.00160832493748238,0.0371578161304535,0.0474772835813906,0.946666666666667,0.191432410322785,,1
HET_ZERO,none,HKSJ,300,300,1,1,-0.00160832493748238,0.0371578161304535,0.0474772835813906,0.94,0.192393080400566,,1
HET_ZERO,none,PETPEESE,300,300,1,1,-0.0218784047343246,0.0724456711720403,0.101627814141152,0.943333333333333,0.350882514514327,,0.753333333333333
HET_ZERO,none,TRIMFILL,300,300,1,1,-0.00243235579007107,0.0406373767274915,0.0517272508760288,0.93,0.192711609313316,,1
HET_ZERO,none,SWA,300,300,1,1,-0.0353110418851142,0.0466818448776241,0.0569446605708963,0.853333333333333,0.171615460269298,,1
HET_ZERO,none,TAS,300,300,1,1,-0.00160832493748237,0.0371578161304535,0.0474772835813906,0.963333333333333,0.205199979813908,,1
HET_ZERO,none,PBM,300,300,1,1,-0.00751001763890027,0.0372566591320699,0.0473776304786094,0.98,0.226938935089024,,0.993333333333333
HET_HIGH,none,REML,300,300,1,1,0.00096535675535688,0.104364832759612,0.13006158647484,0.94,0.53207556408074,,0.606666666666667
HET_HIGH,none,HKSJ,300,300,1,1,0.00096535675535688,0.104364832759612,0.13006158647484,0.953333333333333,0.568699476260223,,0.553333333333333
HET_HIGH,none,PETPEESE,300,300,1,1,-0.0438776236478029,0.246987090809585,0.309635500081673,0.953333333333333,1.42298326275906,,0.176666666666667
HET_HIGH,none,TRIMFILL,300,300,1,1,0.00263694251527643,0.120423339098558,0.153646912181706,0.926666666666667,0.540576581447,,0.583333333333333
HET_HIGH,none,SWA,300,300,1,1,-0.0372470235459898,0.119235273146343,0.153200708527518,0.91,0.565047846091076,,0.503333333333333
HET_HIGH,none,TAS,300,300,1,1,0.000965356755356894,0.104364832759612,0.13006158647484,0.96,0.570341745291425,,0.55
HET_HIGH,none,PBM,300,300,1,1,-0.00439912991294895,0.101605685105804,0.131662663040899,0.986666666666667,0.668610182716854,,0.413333333333333
HET_EXTREME,none,REML,300,300,1,1,0.00250481012392076,0.126791761323271,0.16326261008838,0.94,0.631490388507926,,0.473333333333333
HET_EXTREME,none,HKSJ,300,300,1,1,0.00250481012392076,0.126791761323271,0.16326261008838,0.956666666666667,0.665826523624678,,0.42
HET_EXTREME,none,PETPEESE,300,300,1,1,-0.0403624911876771,0.286536760077772,0.348534635709584,0.953333333333333,1.68675217674043,,0.13
HET_EXTREME,none,TRIMFILL,300,300,1,1,-0.00215045535773978,0.150300236022052,0.191488864041997,0.903333333333333,0.641207475932984,,0.456666666666667
HET_EXTREME,none,SWA,300,300,1,1,-0.0351749497573556,0.142365968796593,0.18151975258823,0.93,0.703778502511966,,0.356666666666667
HET_EXTREME,none,TAS,300,300,1,1,0.00250481012392078,0.126791761323271,0.16326261008838,0.956666666666667,0.666510919791193,,0.42
HET_EXTREME,none,PBM,300,300,1,1,-0.00523648078600356,0.129286519017212,0.163117632501254,0.98,0.778414549039356,,0.316666666666667
OUTLIER_SINGLE,outlier,REML,300,300,1,1,0.0789460787791649,0.0930737661121788,0.114541892931232,0.943333333333333,0.449192346651731,,0.97
OUTLIER_SINGLE,outlier,HKSJ,300,300,1,1,0.0789460787791649,0.0930737661121788,0.114541892931232,0.956666666666667,0.485785386646666,,0.946666666666667
OUTLIER_SINGLE,outlier,PETPEESE,300,300,1,1,-0.00256531967068343,0.20714274178262,0.250105934224323,0.956666666666667,1.18456941532681,,0.27
OUTLIER_SINGLE,outlier,TRIMFILL,300,300,1,1,0.131380963791891,0.147531220983687,0.17900952216167,0.763333333333333,0.452022106219513,,0.963333333333333
OUTLIER_SINGLE,outlier,SWA,300,300,1,1,0.0242987480636952,0.0737253255045431,0.0922421303244546,0.94,0.41189457257907,,0.89
OUTLIER_SINGLE,outlier,TAS,300,300,1,1,0.0789460787791649,0.0930737661121788,0.114541892931232,0.96,0.481497674871652,,0.95
OUTLIER_SINGLE,outlier,PBM,300,300,1,1,0.0748130146961458,0.0926538738283899,0.114119654929918,0.983333333333333,0.560246968445863,,0.843333333333333
OUTLIER_MULTI,outlier,REML,300,300,1,1,0.138983260172658,0.140513108574961,0.157233720905577,0.823333333333333,0.411301496398037,,0.996666666666667
OUTLIER_MULTI,outlier,HKSJ,300,300,1,1,0.138983260172658,0.140513108574961,0.157233720905577,0.843333333333333,0.4376841882497,,0.996666666666667
OUTLIER_MULTI,outlier,PETPEESE,300,300,1,1,0.0400063943253704,0.187951165482469,0.231075009670582,0.923333333333333,1.03607480971289,,0.336666666666667
OUTLIER_MULTI,outlier,TRIMFILL,300,300,1,1,0.180279407910204,0.182131420444586,0.205623794845029,0.62,0.415715442390754,,1
OUTLIER_MULTI,outlier,SWA,300,300,1,1,0.0619973873496226,0.0831525944140187,0.103702356278992,0.906666666666667,0.388175111465591,,0.956666666666667
OUTLIER_MULTI,outlier,TAS,300,300,1,1,0.138983260172658,0.140513108574961,0.157233720905577,0.843333333333333,0.434111023167708,,0.996666666666667
OUTLIER_MULTI,outlier,PBM,300,300,1,1,0.129174184581259,0.132223358716354,0.14965317445018,0.93,0.520667465751052,,0.953333333333333
PB_STEP_MILD,step,REML,300,300,1,1,0.067674689388382,0.0927070407419763,0.111276106902523,0.856666666666667,0.346866221699787,,0.97
PB_STEP_MILD,step,HKSJ,300,300,1,1,0.067674689388382,0.0927070407419763,0.111276106902523,0.883333333333333,0.381798788405483,,0.953333333333333
PB_STEP_MILD,step,PETPEESE,300,300,1,1,-0.013303648006938,0.169878151673693,0.215218096434324,0.923333333333333,0.891339217125929,,0.346666666666667
PB_STEP_MILD,step,TRIMFILL,300,300,1,1,0.044799443325121,0.0933805387296528,0.118589350602234,0.853333333333333,0.355797095583025,,0.91
PB_STEP_MILD,step,SWA,300,300,1,1,0.0174451342331043,0.0689960692191088,0.0871061936388501,0.916666666666667,0.337551209492624,,0.91
PB_STEP_MILD,step,TAS,300,300,1,1,0.067674689388382,0.0927070407419763,0.111276106902523,0.883333333333333,0.376383949015511,,0.95
PB_STEP_MILD,step,PBM,300,300,1,1,0.0537903745488017,0.0856334644213576,0.104019430468415,0.946666666666667,0.442476577312167,,0.876666666666667
PB_STEP_MOD,step,REML,300,300,1,1,0.127217731712099,0.144066987313929,0.171550321359589,0.696666666666667,0.416173536397429,,0.936666666666667
PB_STEP_MOD,step,HKSJ,300,300,1,1,0.127217731712099,0.144066987313929,0.171550321359589,0.74,0.470194585398502,,0.9
PB_STEP_MOD,step,PETPEESE,300,300,1,1,0.0433539343442865,0.223261699158844,0.271000987074857,0.863333333333333,1.1386449373322,,0.35
PB_STEP_MOD,step,TRIMFILL,300,300,1,1,0.0981644288723779,0.133613924443428,0.162468291783711,0.746666666666667,0.424354800411396,,0.883333333333333
PB_STEP_MOD,step,SWA,300,284,0.946666666666667,1,0.074774073867924,0.102199086363368,0.126081392472055,0.841549295774648,0.405761082813713,,0.897887323943662
PB_STEP_MOD,step,TAS,300,284,0.946666666666667,1,0.126265942342931,0.141296905702042,0.167971962356338,0.742957746478873,0.456691231222777,,0.911971830985916
PB_STEP_MOD,step,PBM,300,300,1,1,0.111674265760236,0.130308941177857,0.157609784588337,0.846666666666667,0.558852848119237,,0.816666666666667
PB_STEP_SEV,step,REML,300,300,1,1,0.20919550188295,0.213877014934408,0.237190216357778,0.426666666666667,0.421154130966308,,0.95
PB_STEP_SEV,step,HKSJ,300,300,1,1,0.20919550188295,0.213877014934408,0.237190216357778,0.54,0.501359330710519,,0.91
PB_STEP_SEV,step,PETPEESE,300,300,1,1,0.0161256817864411,0.239847487828352,0.302797605246129,0.81,1.31232219396285,,0.303333333333333
PB_STEP_SEV,step,TRIMFILL,300,300,1,1,0.156459206224698,0.169556053068442,0.202422119239828,0.543333333333333,0.425048496474466,,0.903333333333333
PB_STEP_SEV,step,SWA,300,198,0.66,1,0.150794384640113,0.156201052525351,0.181381173023097,0.585858585858586,0.412267800192504,,0.939393939393939
PB_STEP_SEV,step,TAS,300,198,0.66,1,0.213443559931765,0.216221461338102,0.236916219234874,0.46969696969697,0.446458443608342,,0.949494949494949
PB_STEP_SEV,step,PBM,300,300,1,1,0.179658609737002,0.187959842464856,0.214630020490167,0.696666666666667,0.650963377749311,,0.783333333333333
PB_ONE_SIDED,one_sided,REML,300,300,1,1,0.098572842170378,0.105935711002737,0.128663227036325,0.74,0.323413449232979,,0.81
PB_ONE_SIDED,one_sided,HKSJ,300,300,1,1,0.098572842170378,0.105935711002737,0.128663227036325,0.753333333333333,0.343585245710598,,0.76
PB_ONE_SIDED,one_sided,PETPEESE,300,300,1,1,-0.0215035700236316,0.165344151964023,0.204188291136302,0.886666666666667,0.855363714659875,,0.173333333333333
PB_ONE_SIDED,one_sided,TRIMFILL,300,300,1,1,0.0455277309502398,0.105906066683098,0.130125555363422,0.78,0.3303289888665,,0.61
PB_ONE_SIDED,one_sided,SWA,300,300,1,1,0.0601424151233547,0.0826516163491739,0.102250130849096,0.84,0.325345506891806,,0.683333333333333
PB_ONE_SIDED,one_sided,TAS,300,300,1,1,0.098572842170378,0.105935711002737,0.128663227036326,0.773333333333333,0.348737913083161,,0.75
PB_ONE_SIDED,one_sided,PBM,300,300,1,1,0.0796911828467271,0.0960384753438177,0.118440544037445,0.87,0.423509030197196,,0.576666666666667
PB_CONT,continuous,REML,300,300,1,1,0.213354018735794,0.228039200094367,0.256573702217048,0.513333333333333,0.521877287837114,,0.876666666666667
PB_CONT,continuous,HKSJ,300,300,1,1,0.213354018735794,0.228039200094367,0.256573702217048,0.59,0.654891318146482,,0.8
PB_CONT,continuous,PETPEESE,300,300,1,0.993333333333333,-0.0652443329471135,0.317053284770283,0.430476876284146,0.875838926174497,2.08931657889495,,0.184563758389262
PB_CONT,continuous,TRIMFILL,300,300,1,1,0.160562237546675,0.188473669022943,0.230503673038362,0.623333333333333,0.519159535018398,,0.783333333333333
PB_CONT,continuous,SWA,300,54,0.18,1,0.11795892663668,0.129251658084953,0.154855586314144,0.722222222222222,0.467586474780797,,0.888888888888889
PB_CONT,continuous,TAS,300,54,0.18,1,0.202569186733834,0.208116757013208,0.223473842055344,0.611111111111111,0.508534437960725,,0.944444444444444
PB_CONT,continuous,PBM,300,300,1,1,0.179316736002888,0.20380258450204,0.236278052324133,0.806666666666667,0.995874537824472,,0.57
PB_NULL_TYPE1,step,REML,300,300,1,1,0.00908003440764299,0.153834454932783,0.196016826209897,0.886666666666667,0.704176723382298,0.113333333333333,
PB_NULL_TYPE1,step,HKSJ,300,300,1,1,0.00908003440764299,0.153834454932783,0.196016826209897,0.923333333333333,0.882954846736654,0.0766666666666667,
PB_NULL_TYPE1,step,PETPEESE,300,300,1,1,-0.0285712532498507,0.395926394047801,0.497547308308134,0.956666666666667,2.68320611260658,0.0433333333333333,
PB_NULL_TYPE1,step,TRIMFILL,300,300,1,1,0.00517756648324366,0.151265128002048,0.19238240125821,0.9,0.711306915439435,0.1,
PB_NULL_TYPE1,step,SWA,300,98,0.326666666666667,1,0.0235509171700183,0.142834296440202,0.177157246582522,0.857142857142857,0.619906534822368,0.142857142857143,
PB_NULL_TYPE1,step,TAS,300,98,0.326666666666667,1,0.0124675775533178,0.159066908341117,0.194011907912963,0.887755102040816,0.696221953035778,0.112244897959184,
PB_NULL_TYPE1,step,PBM,300,300,1,1,0.00547025407500568,0.151118078872329,0.192013390920001,0.953333333333333,1.16646732182546,0.0466666666666667,
PB_SMALL_K,step,REML,300,300,1,1,0.123361886014597,0.184809362199498,0.223621589738754,0.786666666666667,0.686226677743156,,0.636666666666667
PB_SMALL_K,step,HKSJ,300,300,1,1,0.123361886014597,0.184809362199498,0.223621589738754,0.893333333333333,1.02510054788051,,0.51
PB_SMALL_K,step,PETPEESE,300,300,1,1,0.0205018579387344,0.481403512875876,0.654447940207679,0.91,4.1912836604648,,0.136666666666667
PB_SMALL_K,step,TRIMFILL,300,300,1,1,0.103264566677012,0.182681071791761,0.225059634712289,0.806666666666667,0.689221666937393,,0.616666666666667
PB_SMALL_K,step,SWA,300,0,0,,,,,,,,
PB_SMALL_K,step,TAS,300,0,0,,,,,,,,
PB_SMALL_K,step,PBM,300,300,1,1,0.110378448361166,0.187610576450484,0.22877332295785,0.96,1.81180253686442,,0.256666666666667
PB_HIGH_HET,step,REML,300,300,1,1,0.128282892466367,0.184681050885486,0.231402004007649,0.886666666666667,0.794431161882713,,0.55
PB_HIGH_HET,step,HKSJ,300,300,1,1,0.128282892466367,0.184681050885486,0.231402004007649,0.916666666666667,0.878435877926678,,0.483333333333333
PB_HIGH_HET,step,PETPEESE,300,300,1,1,0.0558318748338529,0.419411927301239,0.499101540687565,0.94,2.26546968821929,,0.173333333333333
PB_HIGH_HET,step,TRIMFILL,300,300,1,1,0.0915256129205889,0.159950936081722,0.204127226503023,0.933333333333333,0.800323244506899,,0.47
PB_HIGH_HET,step,SWA,300,296,0.986666666666667,1,0.0796676680714681,0.191422048202738,0.233645612105889,0.881756756756757,0.83642130414104,,0.493243243243243
PB_HIGH_HET,step,TAS,300,296,0.986666666666667,1,0.128124238289488,0.184748956959893,0.231290062370967,0.918918918918919,0.875463512554381,,0.483108108108108
PB_HIGH_HET,step,PBM,300,300,1,1,0.116110760967063,0.178847195625447,0.222865034127851,0.95,1.02322386267356,,0.36
PB_CONT_NULL,continuous,REML,300,300,1,1,0.0052024061648739,0.203172388681563,0.252402629208137,0.87,0.942558718011602,0.13,
PB_CONT_NULL,continuous,HKSJ,300,300,1,1,0.0052024061648739,0.203172388681563,0.252402629208137,0.913333333333333,1.38514384575304,0.0866666666666667,
PB_CONT_NULL,continuous,PETPEESE,300,300,1,1,-0.00181256080581326,0.676324936681083,1.16455364598887,0.943333333333333,5.98172397038635,0.0566666666666667,
PB_CONT_NULL,continuous,TRIMFILL,300,300,1,1,0.00969738052870161,0.178857412692939,0.222699629816487,0.896666666666667,0.934047242446331,0.103333333333333,
PB_CONT_NULL,continuous,SWA,300,7,0.0233333333333333,1,0.0851915604382719,0.138980377848266,0.163471456597437,1,0.636605353500035,0,
PB_CONT_NULL,continuous,TAS,300,7,0.0233333333333333,1,0.0818584808646904,0.132465306725682,0.175956367678977,0.857142857142857,0.733392459548425,0.142857142857143,
PB_CONT_NULL,continuous,PBM,300,300,1,1,0.0195463162133632,0.204647134515157,0.260783974537889,0.946666666666667,2.1303170298282,0.0533333333333333,
